<?xml version="1.0" encoding="UTF-8"?>
<!DOCTYPE beans PUBLIC "-//SPRING//DTD BEAN 2.0//EN"
        "http://www.springframework.org/dtd/spring-beans-2.0.dtd">
        
  <beans>
  
<!-- <bean id ="parent-triangle" class="SpringApplicationContext.Triangle">
  	<property name="pointA" ref="pointA"/>  
  </bean> -->
  
  <bean id ="parent-triangle1" class="SpringApplicationContext.Triangle">
  	<property name="points">
	  	<list>
	  		<ref bean="pointA"/>
	  	</list>
  	</property>
  </bean>
  
 <!--   <bean id ="triangle1" class="SpringApplicationContext.Triangle" parent="parent-triangle">
  	<property name="pointB" ref="pointB"/>
  	<property name="pointC" ref="pointC"/>
  </bean>-->
  
  <!-- List Without Merge -->
  <bean id ="triangle2" class="SpringApplicationContext.Triangle" parent="parent-triangle1">
  	<property name="points">
  		<list>
  			<ref bean="pointB"/>
  		</list>
  	</property>
  </bean>
  
  <!-- List With Merge -->
   <bean id ="triangle3" class="SpringApplicationContext.Triangle" parent="parent-triangle1">
  	<property name="points">
  		<list merge="true">
  			<ref bean="pointB"/>
  			<ref bean="pointC"/>
  		</list>
  	</property>
  </bean>
  
  <bean id="pointA" class="SpringApplicationContext.Point">
 		<property name="x" value="0"/>
 		<property name="y" value="0"/>
   </bean>
   <bean id="pointB" class="SpringApplicationContext.Point">
 		<property name="x" value="20"/>
 		<property name="y" value="0"/>
   </bean>
 	<bean id="pointC" class="SpringApplicationContext.Point">
 		<property name="x" value="0"/>
 		<property name="y" value="20"/>
 	</bean>
  </beans>