<?xml version="1.0" encoding="UTF-8"?>
<!DOCTYPE beans PUBLIC "-//SPRING//DTD BEAN 2.0//EN"
        "http://www.springframework.org/dtd/spring-beans-2.0.dtd">
        
  <beans default-init-method="myInit" default-destroy-method="cleanUp">
  <bean id ="parent-triangle1" class="SpringApplicationContext.Triangle">
  	<property name="points">
	  	<list>
	  		<ref bean="pointA"/>
	  		<ref bean="pointB"/>
	  	</list>
  	</property>
  </bean>
  
  <bean id="pointA" class="SpringApplicationContext.Point">
 		<property name="x" value="0"/>
 		<property name="y" value="0"/>
   </bean>
   <bean id="pointB" class="SpringApplicationContext.Point">
 		<property name="x" value="20"/>
 		<property name="y" value="0"/>
   </bean>
 	<bean id="pointC" class="SpringApplicationContext.Point">
 		<property name="x" value="0"/>
 		<property name="y" value="20"/>
 	</bean>
  </beans>